{"_wandb":{"runtime":27},"val/val_loss":1.1869016885757446,"train/example_ct":16000,"val/val_accuracy":0.6735,"_timestamp":1.737932675582855e+09,"_step":127,"_runtime":27.415671,"train/train_loss":1.2398864030838013,"train/epoch":2}